Questions,Answers
"What is a Data Scientist?","A Data Scientist is a professional who uses statistical, mathematical, and computational techniques to analyze and interpret complex data."
"What is the difference between supervised and unsupervised learning?","Supervised learning involves training a model on labeled data, while unsupervised learning involves finding patterns in unlabeled data."
"What are some common algorithms used in data science?"," Common algorithms include linear regression, decision trees, random forests, k-means clustering, and neural networks."
"What is overfitting in machine learning?","Overfitting occurs when a model is too complex and performs well on training data but poorly on unseen data."
"What is cross-validation?","Cross-validation is a technique for assessing how well a model generalizes to new data by partitioning the data into training and testing sets multiple times."
"What is the purpose of feature selection?","Feature selection involves choosing the most relevant variables for a model, improving performance and reducing overfitting."
"What are the differences between precision and recall?","Precision measures the proportion of true positives among all positive predictions, while recall measures the proportion of true positives among all actual positives."
"What is a confusion matrix?","A confusion matrix is a table used to evaluate the performance of a classification model, showing true positives, false positives, true negatives, and false negatives."
"What is a ROC curve?","A ROC curve is a graphical representation of a model’s diagnostic ability, showing the trade-off between true positive rate and false positive rate."
"What is A/B testing?","A/B testing is a statistical method for comparing two versions of a variable to determine which one performs better."
"What is a p-value?","A p-value is a measure of the strength of evidence against the null hypothesis in a statistical test."
"What is the difference between regression and classification?","Regression predicts a continuous output, while classification predicts a discrete label."
"What is regularization in machine learning?","Regularization involves adding a penalty to the model to prevent overfitting, commonly using techniques like L1 (Lasso) or L2 (Ridge) regularization."
"What is the difference between bagging and boosting?","Bagging involves training multiple models in parallel to reduce variance, while boosting trains models sequentially to reduce bias."
"What is the bias-variance tradeoff?","The bias-variance tradeoff is the balance between a model’s ability to generalize to new data (bias) and its sensitivity to fluctuations in the training data (variance)."
"What is the purpose of dimensionality reduction?","Dimensionality reduction reduces the number of features in a dataset, simplifying models and improving performance."
"What is Principal Component Analysis (PCA)?","PCA is a dimensionality reduction technique that transforms data into a set of linearly uncorrelated components."
"What is the difference between KNN and k-means?","KNN (k-nearest neighbors) is a classification algorithm, while k-means is a clustering algorithm."
"What is the purpose of data normalization?","Data normalization scales numerical features to a common range, improving the performance of some machine learning algorithms."
"What is the curse of dimensionality?","The curse of dimensionality refers to the phenomenon where the performance of a model degrades as the number of features increases."
"What is a time series?","A time series is a sequence of data points collected or recorded at specific time intervals."
"What is the difference between ARIMA and LSTM models?","ARIMA is a traditional statistical model for time series forecasting, while LSTM (Long Short-Term Memory) is a neural network model capable of learning long-term dependencies."
"What is the role of a Data Engineer in a data science team?","A Data Engineer designs, constructs, and maintains the data pipelines and infrastructure required for data analysis and modeling."
"What are outliers, and how do you handle them?","Outliers are data points significantly different from others in the dataset, and they can be handled by removing them, transforming data, or using robust statistical methods."
"What is data imputation?","Data imputation is the process of filling in missing data in a dataset using statistical methods or machine learning models."
"What is the difference between Python and R for data science?","Python is more versatile and widely used in production environments, while R is often preferred for statistical analysis and data visualization."
"What is the purpose of exploratory data analysis (EDA)?","EDA involves analyzing data to summarize its main characteristics, often using visualizations, before building predictive models."
"What is a neural network?","A neural network is a machine learning model inspired by the human brain, consisting of layers of interconnected nodes (neurons) that learn patterns from data."
"What is the difference between deep learning and traditional machine learning?","Deep learning uses neural networks with many layers (deep networks) to automatically learn features, while traditional machine learning often requires manual feature extraction."
"What is the role of a validation set in model training?","A validation set is used to tune model hyperparameters and assess model performance during training without affecting the training or test sets."
"What is gradient descent?","Gradient descent is an optimization algorithm that minimizes a function by iteratively moving towards the steepest descent direction."
"What is a random forest?","A random forest is an ensemble learning method that builds multiple decision trees and combines their outputs for improved accuracy and robustness."
"What is the purpose of a data warehouse?","A data warehouse is a centralized repository for storing and managing large volumes of structured and unstructured data from various sources."
"What is the difference between a heatmap and a scatter plot?","A heatmap visualizes data in a matrix format using colors, often to represent correlations, while a scatter plot shows the relationship between two continuous variables."
"What is the difference between logistic regression and linear regression?","Logistic regression is used for binary classification problems, while linear regression is used for predicting continuous outcomes."
"What is an ensemble method in machine learning?","Ensemble methods combine multiple models to improve overall performance, examples include bagging, boosting, and stacking."
"What is the purpose of data cleaning?","Data cleaning involves identifying and correcting errors or inconsistencies in a dataset to improve its quality and reliability for analysis."
"What is the role of unsupervised learning in data science?","Unsupervised learning is used to find hidden patterns or structures in unlabeled data, often for clustering or dimensionality reduction."
"What is the importance of data visualization in data science?","Data visualization helps communicate insights, patterns, and trends from data in a clear and interpretable way, making complex data more accessible."
